{
  "checkpoint": "/workspace/SIREN_Vista/model_mnist/softlip_L30_lam1e+00_all_skip0/modSiren.pth",
  "variant": "soft_lipschitz",
  "variant_args": {
    "soft_lip_cap": 30.0,
    "soft_lip_lambda": 1.0,
    "soft_lip_apply_to": "all",
    "soft_lip_power_iters": 1,
    "soft_lip_skip_first": true
  },
  "model_args": {
    "hidden_dim": 256,
    "mod_dim": 512,
    "depth": 10,
    "dataset": "mnist"
  },
  "inner_lr": 0.01,
  "lbfgs": false,
  "batch_size": 128,
  "iter_checkpoints": [
    5,
    20,
    50,
    100,
    200
  ],
  "max_samples": 2000,
  "split": "both",
  "results": {
    "train": {
      "n_samples": 2000,
      "at_iters": {
        "5": {
          "mse": {
            "mean": 0.03945961382426322,
            "median": 0.03663116507232189,
            "std": 0.012641792773461459,
            "min": 0.017488671466708183,
            "max": 0.10798592120409012
          },
          "psnr": {
            "mean": 14.243343282699586,
            "median": 14.36149263381958,
            "std": 1.3173416302748764,
            "min": 9.666329383850098,
            "max": 17.572431564331055
          },
          "ssim": {
            "mean": 0.41397565264999864,
            "median": 0.41560786962509155,
            "std": 0.05735006749942636,
            "min": 0.2031603753566742,
            "max": 0.5723109841346741
          }
        },
        "20": {
          "mse": {
            "mean": 0.02950981922680512,
            "median": 0.027347763068974018,
            "std": 0.010060816842811298,
            "min": 0.010901647619903088,
            "max": 0.10276132822036743
          },
          "psnr": {
            "mean": 15.510134487628937,
            "median": 15.630782127380371,
            "std": 1.3094570712084321,
            "min": 9.881704330444336,
            "max": 19.625078201293945
          },
          "ssim": {
            "mean": 0.480693874605,
            "median": 0.48217834532260895,
            "std": 0.061467831212180704,
            "min": 0.22195136547088623,
            "max": 0.6364196538925171
          }
        },
        "50": {
          "mse": {
            "mean": 0.025268107255455106,
            "median": 0.023603959009051323,
            "std": 0.008745331065773427,
            "min": 0.008153101429343224,
            "max": 0.0959128811955452
          },
          "psnr": {
            "mean": 16.18297698545456,
            "median": 16.27015209197998,
            "std": 1.29988170663279,
            "min": 10.181231498718262,
            "max": 20.88677215576172
          },
          "ssim": {
            "mean": 0.49961096999794247,
            "median": 0.500556617975235,
            "std": 0.06256300045248132,
            "min": 0.2301265150308609,
            "max": 0.672247588634491
          }
        },
        "100": {
          "mse": {
            "mean": 0.022356432555476202,
            "median": 0.020773494616150856,
            "std": 0.008102935391936426,
            "min": 0.006458248943090439,
            "max": 0.10468950867652893
          },
          "psnr": {
            "mean": 16.727733880519867,
            "median": 16.824905395507812,
            "std": 1.3372611511900419,
            "min": 9.800968170166016,
            "max": 21.89885139465332
          },
          "ssim": {
            "mean": 0.5108593462705612,
            "median": 0.5101291835308075,
            "std": 0.06272706726849421,
            "min": 0.1825028657913208,
            "max": 0.6887641549110413
          }
        },
        "200": {
          "mse": {
            "mean": 0.01988332996540703,
            "median": 0.01801147498190403,
            "std": 0.008453528960115485,
            "min": 0.0047684237360954285,
            "max": 0.09361518174409866
          },
          "psnr": {
            "mean": 17.29919110250473,
            "median": 17.44450855255127,
            "std": 1.4959573967159925,
            "min": 10.286537170410156,
            "max": 23.216251373291016
          },
          "ssim": {
            "mean": 0.5178175930902362,
            "median": 0.5165635347366333,
            "std": 0.06376054840604034,
            "min": 0.16191092133522034,
            "max": 0.7018008828163147
          }
        }
      }
    },
    "test": {
      "n_samples": 2000,
      "at_iters": {
        "5": {
          "mse": {
            "mean": 0.03745854192040861,
            "median": 0.0349420178681612,
            "std": 0.012254343014324112,
            "min": 0.018325434997677803,
            "max": 0.09536304324865341
          },
          "psnr": {
            "mean": 14.474572368621827,
            "median": 14.566520690917969,
            "std": 1.3285544127834084,
            "min": 10.206199645996094,
            "max": 17.369457244873047
          },
          "ssim": {
            "mean": 0.4196471585184336,
            "median": 0.42181918025016785,
            "std": 0.05756380307808057,
            "min": 0.17767329514026642,
            "max": 0.5860812664031982
          }
        },
        "20": {
          "mse": {
            "mean": 0.028076248196419327,
            "median": 0.02610230538994074,
            "std": 0.009748455727148338,
            "min": 0.012888834811747074,
            "max": 0.11248208582401276
          },
          "psnr": {
            "mean": 15.730083714008332,
            "median": 15.833211421966553,
            "std": 1.31586232046174,
            "min": 9.489166259765625,
            "max": 18.897863388061523
          },
          "ssim": {
            "mean": 0.4827481774836779,
            "median": 0.48554620146751404,
            "std": 0.06444759911039956,
            "min": 0.1543954759836197,
            "max": 0.6304238438606262
          }
        },
        "50": {
          "mse": {
            "mean": 0.023994829001836478,
            "median": 0.022448661737143993,
            "std": 0.008545346540918035,
            "min": 0.00981957744807005,
            "max": 0.10570934414863586
          },
          "psnr": {
            "mean": 16.41206611633301,
            "median": 16.4880952835083,
            "std": 1.3084813463833258,
            "min": 9.758866310119629,
            "max": 20.07907485961914
          },
          "ssim": {
            "mean": 0.501806258007884,
            "median": 0.5050771236419678,
            "std": 0.06519112719752237,
            "min": 0.213640034198761,
            "max": 0.6649684309959412
          }
        },
        "100": {
          "mse": {
            "mean": 0.021155592097435148,
            "median": 0.01984475553035736,
            "std": 0.007843582773255987,
            "min": 0.007913835346698761,
            "max": 0.1009429395198822
          },
          "psnr": {
            "mean": 16.972522001743318,
            "median": 17.023542404174805,
            "std": 1.3482659245822644,
            "min": 9.959240913391113,
            "max": 21.016130447387695
          },
          "ssim": {
            "mean": 0.5123475303426385,
            "median": 0.5149640142917633,
            "std": 0.0655239906736603,
            "min": 0.18861174583435059,
            "max": 0.684505045413971
          }
        },
        "200": {
          "mse": {
            "mean": 0.018705113212345168,
            "median": 0.017214179039001465,
            "std": 0.008091904591375505,
            "min": 0.006184578873217106,
            "max": 0.0947602316737175
          },
          "psnr": {
            "mean": 17.56899736881256,
            "median": 17.64113712310791,
            "std": 1.5069947752019661,
            "min": 10.233739852905273,
            "max": 22.086898803710938
          },
          "ssim": {
            "mean": 0.5193675506263972,
            "median": 0.5208919048309326,
            "std": 0.0656286648497179,
            "min": 0.1782650202512741,
            "max": 0.6880368590354919
          }
        }
      }
    }
  }
}