{
  "checkpoint": "/home/omarg/SIREN_Vista/model_mnist/softlip_L30_lam1e+00_all_skip0/modSiren.pth",
  "variant": "soft_lipschitz",
  "variant_args": {
    "soft_lip_cap": 30.0,
    "soft_lip_lambda": 1.0,
    "soft_lip_apply_to": "all",
    "soft_lip_power_iters": 1,
    "soft_lip_skip_first": true
  },
  "model_args": {
    "hidden_dim": 256,
    "mod_dim": 512,
    "depth": 10,
    "dataset": "mnist"
  },
  "inner_lr": 0.01,
  "lbfgs": false,
  "batch_size": 128,
  "iter_checkpoints": [
    5,
    20,
    50,
    100,
    200
  ],
  "max_samples": 2000,
  "split": "both",
  "results": {
    "train": {
      "n_samples": 2000,
      "at_iters": {
        "5": {
          "mse": {
            "mean": 0.028786656368523837,
            "median": 0.02483835257589817,
            "std": 0.016735771642482397,
            "min": 0.004128783009946346,
            "max": 0.10734134912490845
          },
          "psnr": {
            "mean": 16.176359006881714,
            "median": 16.048773765563965,
            "std": 2.696196215046336,
            "min": 9.692330360412598,
            "max": 23.841781616210938
          },
          "ssim": {
            "mean": 0.5343198157250881,
            "median": 0.5454037189483643,
            "std": 0.06967006345201891,
            "min": 0.28843262791633606,
            "max": 0.742743968963623
          }
        },
        "20": {
          "mse": {
            "mean": 0.015641032514395192,
            "median": 0.011537369806319475,
            "std": 0.012495272251698327,
            "min": 0.0018902313895523548,
            "max": 0.10882202535867691
          },
          "psnr": {
            "mean": 19.224522006988526,
            "median": 19.378938674926758,
            "std": 3.196026471628769,
            "min": 9.632831573486328,
            "max": 27.234851837158203
          },
          "ssim": {
            "mean": 0.6020974404066801,
            "median": 0.6058478057384491,
            "std": 0.0851097977260871,
            "min": 0.2740183472633362,
            "max": 0.801950216293335
          }
        },
        "50": {
          "mse": {
            "mean": 0.010974234317720401,
            "median": 0.007718816166743636,
            "std": 0.010829262248559192,
            "min": 0.0010581569513306022,
            "max": 0.15341442823410034
          },
          "psnr": {
            "mean": 20.945708465099333,
            "median": 21.124492645263672,
            "std": 3.325645667804166,
            "min": 8.141338348388672,
            "max": 29.754501342773438
          },
          "ssim": {
            "mean": 0.6375812289118766,
            "median": 0.6400297284126282,
            "std": 0.08505818322230232,
            "min": 0.20970448851585388,
            "max": 0.8395069241523743
          }
        },
        "100": {
          "mse": {
            "mean": 0.00871971173066413,
            "median": 0.0060698483139276505,
            "std": 0.009058758911328612,
            "min": 0.0007993984618224204,
            "max": 0.10313652455806732
          },
          "psnr": {
            "mean": 22.040418952941895,
            "median": 22.16822052001953,
            "std": 3.4027626091759644,
            "min": 9.865876197814941,
            "max": 30.972366333007812
          },
          "ssim": {
            "mean": 0.662243810236454,
            "median": 0.6642342507839203,
            "std": 0.08432239989511983,
            "min": 0.20857089757919312,
            "max": 0.8603644967079163
          }
        },
        "200": {
          "mse": {
            "mean": 0.007106524540344253,
            "median": 0.004968930734321475,
            "std": 0.008074991907988128,
            "min": 0.0006509612430818379,
            "max": 0.11565984785556793
          },
          "psnr": {
            "mean": 22.982508231163024,
            "median": 23.037372589111328,
            "std": 3.4283861922565486,
            "min": 9.368173599243164,
            "max": 31.864450454711914
          },
          "ssim": {
            "mean": 0.6850373237282038,
            "median": 0.6897435188293457,
            "std": 0.08327599875261094,
            "min": 0.2934001088142395,
            "max": 0.858936607837677
          }
        }
      }
    },
    "test": {
      "n_samples": 2000,
      "at_iters": {
        "5": {
          "mse": {
            "mean": 0.026696689969161524,
            "median": 0.023167786188423634,
            "std": 0.01607950408883651,
            "min": 0.004141706507652998,
            "max": 0.1004413291811943
          },
          "psnr": {
            "mean": 16.54457707977295,
            "median": 16.35115623474121,
            "std": 2.7665507156108906,
            "min": 9.980875968933105,
            "max": 23.828208923339844
          },
          "ssim": {
            "mean": 0.5397479850500823,
            "median": 0.5497197508811951,
            "std": 0.0690326557531188,
            "min": 0.19595485925674438,
            "max": 0.7007929086685181
          }
        },
        "20": {
          "mse": {
            "mean": 0.013810706488671713,
            "median": 0.010151333175599575,
            "std": 0.011310159155436065,
            "min": 0.0018720757216215134,
            "max": 0.08941345661878586
          },
          "psnr": {
            "mean": 19.79778037595749,
            "median": 19.934772491455078,
            "std": 3.2279521548574803,
            "min": 10.485971450805664,
            "max": 27.276765823364258
          },
          "ssim": {
            "mean": 0.6079036271125078,
            "median": 0.6122758388519287,
            "std": 0.08635278220552069,
            "min": 0.27675384283065796,
            "max": 0.8134391903877258
          }
        },
        "50": {
          "mse": {
            "mean": 0.009616287532960996,
            "median": 0.00676907948218286,
            "std": 0.009295704148499185,
            "min": 0.0011350840795785189,
            "max": 0.10296819359064102
          },
          "psnr": {
            "mean": 21.546694262981415,
            "median": 21.694704055786133,
            "std": 3.3560314411033123,
            "min": 9.872969627380371,
            "max": 29.44972038269043
          },
          "ssim": {
            "mean": 0.6431880411803722,
            "median": 0.6482580006122589,
            "std": 0.088045233807203,
            "min": 0.2656852602958679,
            "max": 0.8394228219985962
          }
        },
        "100": {
          "mse": {
            "mean": 0.007571756149438442,
            "median": 0.005197695456445217,
            "std": 0.008013085290197742,
            "min": 0.0008907915325835347,
            "max": 0.0748104527592659
          },
          "psnr": {
            "mean": 22.682961762428285,
            "median": 22.841896057128906,
            "std": 3.4099768127846573,
            "min": 11.260377883911133,
            "max": 30.502241134643555
          },
          "ssim": {
            "mean": 0.6696408702880144,
            "median": 0.6732308566570282,
            "std": 0.08612610398729079,
            "min": 0.28483644127845764,
            "max": 0.8561728000640869
          }
        },
        "200": {
          "mse": {
            "mean": 0.00605117008331581,
            "median": 0.004168017068877816,
            "std": 0.007021800958677607,
            "min": 0.0007072000298649073,
            "max": 0.11648271232843399
          },
          "psnr": {
            "mean": 23.681859018802644,
            "median": 23.80070686340332,
            "std": 3.4048108992572708,
            "min": 9.337386131286621,
            "max": 31.50457763671875
          },
          "ssim": {
            "mean": 0.6936932289227843,
            "median": 0.700537770986557,
            "std": 0.08493590719999182,
            "min": 0.19104380905628204,