{
  "checkpoint": "/home/omarg/SIREN_Vista/model_mnist/softlip_hardcap75_lam1e+00_sine_and_readout/modSiren.pth",
  "variant": "soft_lipschitz",
  "variant_args": {
    "soft_lip_cap": 1.0,
    "soft_lip_lambda": 1.0,
    "soft_lip_apply_to": "sine_and_readout",
    "soft_lip_power_iters": 1,
    "soft_lip_skip_first": false
  },
  "model_args": {
    "hidden_dim": 256,
    "mod_dim": 512,
    "depth": 10,
    "dataset": "mnist"
  },
  "inner_lr": 0.01,
  "lbfgs": false,
  "batch_size": 128,
  "iter_checkpoints": [
    5,
    20,
    50,
    100,
    200
  ],
  "max_samples": 2000,
  "split": "both",
  "results": {
    "train": {
      "n_samples": 2000,
      "at_iters": {
        "5": {
          "mse": {
            "mean": 0.025806043373188006,
            "median": 0.025642547756433487,
            "std": 0.010540211623018074,
            "min": 0.003077656961977482,
            "max": 0.06821593642234802
          },
          "psnr": {
            "mean": 16.374583467006683,
            "median": 15.910389423370361,
            "std": 2.311353344509239,
            "min": 11.661142349243164,
            "max": 25.117799758911133
          },
          "ssim": {
            "mean": 0.6071908593326807,
            "median": 0.6152813136577606,
            "std": 0.09820699514165934,
            "min": 0.27051904797554016,
            "max": 0.8495623469352722
          }
        },
        "20": {
          "mse": {
            "mean": 0.016581955824629405,
            "median": 0.016167443245649338,
            "std": 0.0072241992152432535,
            "min": 0.0022870434913784266,
            "max": 0.055074457079172134
          },
          "psnr": {
            "mean": 18.325879637718202,
            "median": 17.913589477539062,
            "std": 2.346409198692362,
            "min": 12.590498924255371,
            "max": 26.407257080078125
          },
          "ssim": {
            "mean": 0.6761433523446322,
            "median": 0.6830885410308838,
            "std": 0.09665621852968664,
            "min": 0.2886967062950134,
            "max": 0.9008636474609375
          }
        },
        "50": {
          "mse": {
            "mean": 0.012024069911974949,
            "median": 0.011600347235798836,
            "std": 0.005374257182027311,
            "min": 0.0017891272436827421,
            "max": 0.03649710491299629
          },
          "psnr": {
            "mean": 19.731440497398378,
            "median": 19.35529136657715,
            "std": 2.3493768149920435,
            "min": 14.377416610717773,
            "max": 27.473587036132812
          },
          "ssim": {
            "mean": 0.7278188037276268,
            "median": 0.7380823194980621,
            "std": 0.0906540806016885,
            "min": 0.3177372217178345,
            "max": 0.9222768545150757
          }
        },
        "100": {
          "mse": {
            "mean": 0.008875957244774326,
            "median": 0.008501963689923286,
            "std": 0.004066796365858411,
            "min": 0.0013324222527444363,
            "max": 0.03014938160777092
          },
          "psnr": {
            "mean": 21.061019702911377,
            "median": 20.704808235168457,
            "std": 2.359960129080277,
            "min": 15.207215309143066,
            "max": 28.753582000732422
          },
          "ssim": {
            "mean": 0.7687289903908968,
            "median": 0.7784656584262848,
            "std": 0.08309629570591594,
            "min": 0.36315780878067017,
            "max": 0.9353587627410889
          }
        },
        "200": {
          "mse": {
            "mean": 0.0061200029242027085,
            "median": 0.005802766187116504,
            "std": 0.002879059664807336,
            "min": 0.0008607414783909917,
            "max": 0.022124992683529854
          },
          "psnr": {
            "mean": 22.68478646183014,
            "median": 22.363651275634766,
            "std": 2.361861148959283,
            "min": 16.55116844177246,
            "max": 30.651273727416992
          },
          "ssim": {
            "mean": 0.8111792026013136,
            "median": 0.8202851712703705,
            "std": 0.07274614226898728,
            "min": 0.4297525882720947,
            "max": 0.9519211053848267
          }
        }
      }
    },
    "test": {
      "n_samples": 2000,
      "at_iters": {
        "5": {
          "mse": {
            "mean": 0.025395157973165623,
            "median": 0.025517822243273258,
            "std": 0.010516290585805667,
            "min": 0.003030616557225585,
            "max": 0.06539212167263031
          },
          "psnr": {
            "mean": 16.4892820520401,
            "median": 15.931564807891846,
            "std": 2.4560631777308832,
            "min": 11.844745635986328,
            "max": 25.184690475463867
          },
          "ssim": {
            "mean": 0.6030113876909018,
            "median": 0.6103411316871643,
            "std": 0.10126387288466597,
            "min": 0.20872637629508972,
            "max": 0.8345556259155273
          }
        },
        "20": {
          "mse": {
            "mean": 0.016356966367107817,
            "median": 0.016085409559309483,
            "std": 0.00725969097901074,
            "min": 0.0021903440356254578,
            "max": 0.04270515218377113
          },
          "psnr": {
            "mean": 18.43346568489075,
            "median": 17.93567943572998,
            "std": 2.486973889438352,
            "min": 13.695197105407715,
            "max": 26.594877243041992
          },
          "ssim": {
            "mean": 0.6638978764861823,
            "median": 0.6698209941387177,
            "std": 0.09954423200891667,
            "min": 0.3039545714855194,
            "max": 0.906704843044281
          }
        },
        "50": {
          "mse": {
            "mean": 0.011851346845913213,
            "median": 0.011544957756996155,
            "std": 0.005394022759639081,
            "min": 0.0016194503987208009,
            "max": 0.034758854657411575
          },
          "psnr": {
            "mean": 19.838398826122283,
            "median": 19.376075744628906,
            "std": 2.4748784130207095,
            "min": 14.589345932006836,
            "max": 27.90632438659668
          },
          "ssim": {
            "mean": 0.7185125112235546,
            "median": 0.7247693538665771,
            "std": 0.09198243405602083,
            "min": 0.32534343004226685,
            "max": 0.9214997291564941
          }
        },
        "100": {
          "mse": {
            "mean": 0.00877717030950589,
            "median": 0.008442993741482496,
            "std": 0.00410512583561569,
            "min": 0.0012027679476886988,
            "max": 0.027824172750115395
          },
          "psnr": {
            "mean": 21.155199956417082,
            "median": 20.73503589630127,
            "std": 2.484934585930542,
            "min": 15.555777549743652,
            "max": 29.19818115234375
          },
          "ssim": {
            "mean": 0.7613397116214037,
            "median": 0.7683667242527008,
            "std": 0.0850932373741943,
            "min": 0.36070671677589417,
            "max": 0.9339613318443298
          }
        },
        "200": {
          "mse": {
            "mean": 0.006059965080872644,
            "median": 0.005791897885501385,
            "std": 0.002936091532755491,
            "min": 0.0008578301058150828,
            "max": 0.020789671689271927
          },
          "psnr": {
            "mean": 22.78085046386719,
            "median": 22.371789932250977,
            "std": 2.4982796408582733,
            "min": 16.821523666381836,
            "max": 30.665987014770508
          },
          "ssim": {
            "mean": 0.805396134659648,
            "median": 0.8142365217208862,
            "std": 0.07551102787740627,
            "min": 0.42058539390563965,