{
  "constraint": 0.06274509803921569,
  "pgd_iters": 100,
  "pgd_lr": 0.01,
  "n_samples": 500,
  "clean_correct": 484,
  "robust_correct_unconditional": 423,
  "both_correct": 423,
  "clean_acc": 0.968,
  "robust_acc": 0.846,
  "conditional_robust_acc": 0.8739669421487604
}