{
  "constraint": 0.03137254901960784,
  "pgd_iters": 100,
  "pgd_lr": 0.01,
  "n_samples": 200,
  "clean_correct": 195,
  "robust_correct_unconditional": 188,
  "both_correct": 188,
  "clean_acc": 0.975,
  "robust_acc": 0.94,
  "conditional_robust_acc": 0.9641025641025641
}