{
  "checkpoint": "/home/omarg/SIREN_Vista/model_mnist/softlip_hardcap85_lam1e+00_sine_and_readout/modSiren.pth",
  "variant": "soft_lipschitz",
  "variant_args": {
    "soft_lip_cap": 1.0,
    "soft_lip_lambda": 1.0,
    "soft_lip_apply_to": "sine_and_readout",
    "soft_lip_power_iters": 1,
    "soft_lip_skip_first": false
  },
  "model_args": {
    "hidden_dim": 256,
    "mod_dim": 512,
    "depth": 10,
    "dataset": "mnist"
  },
  "inner_lr": 0.01,
  "lbfgs": false,
  "batch_size": 128,
  "iter_checkpoints": [
    5,
    20,
    50,
    100,
    200
  ],
  "max_samples": 2000,
  "split": "both",
  "results": {
    "train": {
      "n_samples": 2000,
      "at_iters": {
        "5": {
          "mse": {
            "mean": 0.0159535166840069,
            "median": 0.015456030145287514,
            "std": 0.0072142860399704465,
            "min": 0.002403282094746828,
            "max": 0.05115178972482681
          },
          "psnr": {
            "mean": 18.48517158842087,
            "median": 18.109021186828613,
            "std": 2.263545876107013,
            "min": 12.911392211914062,
            "max": 26.19195556640625
          },
          "ssim": {
            "mean": 0.7753139276951552,
            "median": 0.7818499207496643,
            "std": 0.06941679950748961,
            "min": 0.4571762681007385,
            "max": 0.9176971912384033
          }
        },
        "20": {
          "mse": {
            "mean": 0.0094107785251108,
            "median": 0.008812190499156713,
            "std": 0.0046667487243943415,
            "min": 0.0011985264718532562,
            "max": 0.02788650617003441
          },
          "psnr": {
            "mean": 20.87925351047516,
            "median": 20.549161911010742,
            "std": 2.486931937648587,
            "min": 15.546059608459473,
            "max": 29.213525772094727
          },
          "ssim": {
            "mean": 0.8306200381815434,
            "median": 0.8400971293449402,
            "std": 0.06058554807164534,
            "min": 0.494448721408844,
            "max": 0.9446627497673035
          }
        },
        "50": {
          "mse": {
            "mean": 0.0058068117772345435,
            "median": 0.005336652742698789,
            "std": 0.003037960658100984,
            "min": 0.0007446366362273693,
            "max": 0.020424414426088333
          },
          "psnr": {
            "mean": 23.002436636924745,
            "median": 22.72731113433838,
            "std": 2.5032719318355663,
            "min": 16.89850425720215,
            "max": 31.28055763244629
          },
          "ssim": {
            "mean": 0.8628598613739014,
            "median": 0.8736341595649719,
            "std": 0.05384834292100189,
            "min": 0.5093981623649597,
            "max": 0.9585963487625122
          }
        },
        "100": {
          "mse": {
            "mean": 0.003730322553354199,
            "median": 0.003352150786668062,
            "std": 0.0020051431448844166,
            "min": 0.0004456278693396598,
            "max": 0.013599131256341934
          },
          "psnr": {
            "mean": 24.921266843795777,
            "median": 24.746767044067383,
            "std": 2.462579092961673,
            "min": 18.66489028930664,
            "max": 33.510276794433594
          },
          "ssim": {
            "mean": 0.8860755491256714,
            "median": 0.8944335877895355,
            "std": 0.04740007763064482,
            "min": 0.5465158820152283,
            "max": 0.9677309393882751
          }
        },
        "200": {
          "mse": {
            "mean": 0.002406582186478772,
            "median": 0.002132133347913623,
            "std": 0.001332850334382266,
            "min": 0.0002613051619846374,
            "max": 0.00959127675741911
          },
          "psnr": {
            "mean": 26.82020197582245,
            "median": 26.711857795715332,
            "std": 2.4157224420574956,
            "min": 20.181236267089844,
            "max": 35.828521728515625
          },
          "ssim": {
            "mean": 0.9067418583929538,
            "median": 0.9147576689720154,
            "std": 0.040366212194862056,
            "min": 0.5826372504234314,
            "max": 0.9745873808860779
          }
        }
      }
    },
    "test": {
      "n_samples": 2000,
      "at_iters": {
        "5": {
          "mse": {
            "mean": 0.016586702985339798,
            "median": 0.01585996989160776,
            "std": 0.007712899766371674,
            "min": 0.002646487206220627,
            "max": 0.05453914403915405
          },
          "psnr": {
            "mean": 18.339628773212432,
            "median": 17.996976852416992,
            "std": 2.3074427418298873,
            "min": 12.632917404174805,
            "max": 25.773303985595703
          },
          "ssim": {
            "mean": 0.7655482842028141,
            "median": 0.7737315595149994,
            "std": 0.07285728387844953,
            "min": 0.4166407883167267,
            "max": 0.9259514808654785
          }
        },
        "20": {
          "mse": {
            "mean": 0.009570319043472409,
            "median": 0.009065267164260149,
            "std": 0.004830671329358036,
            "min": 0.0013102295342832804,
            "max": 0.03342089056968689
          },
          "psnr": {
            "mean": 20.841614117622374,
            "median": 20.42619514465332,
            "std": 2.5735572208933277,
            "min": 14.759820938110352,
            "max": 28.82652473449707
          },
          "ssim": {
            "mean": 0.8265555470436812,
            "median": 0.8371517956256866,
            "std": 0.06367365256371897,
            "min": 0.46486881375312805,
            "max": 0.9475659728050232
          }
        },
        "50": {
          "mse": {
            "mean": 0.00587798623094568,
            "median": 0.005426866235211492,
            "std": 0.00314173840726156,
            "min": 0.0008431338355876505,
            "max": 0.023373447358608246
          },
          "psnr": {
            "mean": 22.986984963417054,
            "median": 22.65450954437256,
            "std": 2.5923757233160143,
            "min": 16.312772750854492,
            "max": 30.74103546142578
          },
          "ssim": {
            "mean": 0.8605157346725464,
            "median": 0.8709149062633514,
            "std": 0.05653589980596621,
            "min": 0.5105860829353333,
            "max": 0.9609746336936951
          }
        },
        "100": {
          "mse": {
            "mean": 0.0037216932008159345,
            "median": 0.003375121159479022,
            "std": 0.0020369672767553536,
            "min": 0.0005680391914211214,
            "max": 0.015490708872675896
          },
          "psnr": {
            "mean": 24.96450239467621,
            "median": 24.717106819152832,
            "std": 2.544163365666185,
            "min": 18.099287033081055,
            "max": 32.456214904785156
          },
          "ssim": {
            "mean": 0.884942276865244,
            "median": 0.8938257694244385,
            "std": 0.049900354738995636,
            "min": 0.5618287324905396,
            "max": 0.9685086607933044
          }
        },
        "200": {
          "mse": {
            "mean": 0.0023566131177649367,
            "median": 0.0020905256969854236,
            "std": 0.0013209410172657606,
            "min": 0.0004076246696058661,
            "max": 0.010846738703548908
          },
          "psnr": {
            "mean": 26.93677446269989,
            "median": 26.797444343566895,
            "std": 2.482219558608062,
            "min": 19.647008895874023,
            "max": 33.897396087646484
          },
          "ssim": {
            "mean": 0.9065035073161125,
            "median": 0.9140364229679108,
            "std": 0.04252922551388313,
            "min": 0.6237356662750244,