{
  "constraint": 0.12549019607843137,
  "pgd_iters": 100,
  "pgd_lr": 0.01,
  "n_samples": 200,
  "clean_correct": 195,
  "robust_correct_unconditional": 68,
  "both_correct": 68,
  "clean_acc": 0.975,
  "robust_acc": 0.34,
  "conditional_robust_acc": 0.3487179487179487
}