{
  "constraint": 0.25098039215686274,
  "pgd_iters": 100,
  "pgd_lr": 0.01,
  "n_samples": 200,
  "clean_correct": 195,
  "robust_correct_unconditional": 53,
  "both_correct": 53,
  "clean_acc": 0.975,
  "robust_acc": 0.265,
  "conditional_robust_acc": 0.2717948717948718
}