{
  "checkpoint": "/home/omarg/SIREN_Vista/model_cifar10/fourier_siren_cifar10_h256_md512_d10_nf64_sig10_e5_make20/modSiren.pth",
  "variant": "vanilla",
  "variant_args": {},
  "model_args": {
    "hidden_dim": 256,
    "mod_dim": 512,
    "depth": 10,
    "height": 32,
    "width": 32,
    "out_features": 3,
    "inr_type": "fourier_siren",
    "fourier_num_freqs": 64,
    "fourier_sigma": 10.0,
    "fourier_include_input": true,
    "dataset": "cifar10"
  },
  "inner_lr": 0.01,
  "lbfgs": false,
  "batch_size": 64,
  "iter_checkpoints": [
    20,
    50,
    100,
    200,
    500
  ],
  "max_samples": 2000,
  "split": "both",
  "results": {
    "train": {
      "n_samples": 2000,
      "at_iters": {
        "20": {
          "mse": {
            "mean": 0.01728902708471287,
            "median": 0.016004465520381927,
            "std": 0.008714746150255708,
            "min": 0.0020452707540243864,
            "max": 0.07448264956474304
          },
          "psnr": {
            "mean": 18.197130346298216,
            "median": 17.957590103149414,
            "std": 2.3360938383113248,
            "min": 11.279448509216309,
            "max": 26.892492294311523
          },
          "ssim": {
            "mean": 0.5569653950035572,
            "median": 0.5547366738319397,
            "std": 0.08730573513814399,
            "min": 0.26524195075035095,
            "max": 0.8113987445831299
          }
        },
        "50": {
          "mse": {
            "mean": 0.015488524988642893,
            "median": 0.014276073314249516,
            "std": 0.007775419322497685,
            "min": 0.0018528569489717484,
            "max": 0.06369772553443909
          },
          "psnr": {
            "mean": 18.66928234958649,
            "median": 18.45391273498535,
            "std": 2.322452516910381,
            "min": 11.958760261535645,
            "max": 27.321582794189453
          },
          "ssim": {
            "mean": 0.5841271674782038,
            "median": 0.5822091102600098,
            "std": 0.0845896852620839,
            "min": 0.2981480360031128,
            "max": 0.8229144811630249
          }
        },
        "100": {
          "mse": {
            "mean": 0.01396562856528908,
            "median": 0.01284095412120223,
            "std": 0.0070701269282565865,
            "min": 0.0016686550807207823,
            "max": 0.05988746136426926
          },
          "psnr": {
            "mean": 19.12473828983307,
            "median": 18.914027214050293,
            "std": 2.3310388073994877,
            "min": 12.226640701293945,
            "max": 27.776334762573242
          },
          "ssim": {
            "mean": 0.6110169648379088,
            "median": 0.6098273694515228,
            "std": 0.08102995236780003,
            "min": 0.3344242572784424,
            "max": 0.8287291526794434
          }
        },
        "200": {
          "mse": {
            "mean": 0.012385775803122669,
            "median": 0.011397894471883774,
            "std": 0.006326768333022872,
            "min": 0.001457130303606391,
            "max": 0.047519467771053314
          },
          "psnr": {
            "mean": 19.656983053684236,
            "median": 19.43175506591797,
            "std": 2.351078781458678,
            "min": 13.231285095214844,
            "max": 28.36501693725586
          },
          "ssim": {
            "mean": 0.6422878486663103,
            "median": 0.6414459347724915,
            "std": 0.07602247727414546,
            "min": 0.38062000274658203,
            "max": 0.8466371297836304
          }
        },
        "500": {
          "mse": {
            "mean": 0.010298042434093076,
            "median": 0.009474204387515783,
            "std": 0.005381388349916957,
            "min": 0.0011709639802575111,
            "max": 0.05015077441930771
          },
          "psnr": {
            "mean": 20.480676794052123,
            "median": 20.234572410583496,
            "std": 2.392815459273848,
            "min": 12.997224807739258,
            "max": 29.314565658569336
          },
          "ssim": {
            "mean": 0.6872180511206388,
            "median": 0.6873827278614044,
            "std": 0.06876908475430764,
            "min": 0.43405982851982117,
            "max": 0.8892791271209717
          }
        }
      }
    },
    "test": {
      "n_samples": 2000,
      "at_iters": {
        "20": {
          "mse": {
            "mean": 0.017226708556874654,
            "median": 0.016020674258470535,
            "std": 0.008458637874258781,
            "min": 0.0009868985507637262,
            "max": 0.06908249109983444
          },
          "psnr": {
            "mean": 18.194361086845397,
            "median": 17.95319366455078,
            "std": 2.3040218829515418,
            "min": 11.60632038116455,
            "max": 30.057275772094727
          },
          "ssim": {
            "mean": 0.5587707130908967,
            "median": 0.5573298931121826,
            "std": 0.08900580162701807,
            "min": 0.2700863480567932,
            "max": 0.8739117383956909
          }
        },
        "50": {
          "mse": {
            "mean": 0.015424773014587117,
            "median": 0.014401194173842669,
            "std": 0.007586505915469407,
            "min": 0.0009539129096083343,
            "max": 0.06060175225138664
          },
          "psnr": {
            "mean": 18.669344982624054,
            "median": 18.416016578674316,
            "std": 2.286136513173218,
            "min": 12.175148963928223,
            "max": 30.204914093017578
          },
          "ssim": {
            "mean": 0.5860658112913371,
            "median": 0.5827319920063019,
            "std": 0.08644929553829045,
            "min": 0.31119203567504883,
            "max": 0.8900151252746582
          }
        },
        "100": {
          "mse": {
            "mean": 0.013900080040679313,
            "median": 0.012969299219548702,
            "std": 0.006877294029588609,
            "min": 0.0009130731923505664,
            "max": 0.05386928841471672
          },
          "psnr": {
            "mean": 19.127778798103332,
            "median": 18.870834350585938,
            "std": 2.2994645121842523,
            "min": 12.6865873336792,
            "max": 30.39494514465332
          },
          "ssim": {
            "mean": 0.6129599266052246,
            "median": 0.6091590523719788,
            "std": 0.08293791256946562,
            "min": 0.348101943731308,
            "max": 0.9081504344940186
          }
        },
        "200": {
          "mse": {
            "mean": 0.012378816105949226,
            "median": 0.011456617154181004,
            "std": 0.006234380523526477,
            "min": 0.0008555211825296283,
            "max": 0.04747036099433899
          },
          "psnr": {
            "mean": 19.649350260734558,
            "median": 19.409435272216797,
            "std": 2.3365863243220204,
            "min": 13.235774993896484,
            "max": 30.677692413330078
          },
          "ssim": {
            "mean": 0.6438635001927614,
            "median": 0.6412923336029053,
            "std": 0.07811935432787159,
            "min": 0.39929139614105225,
            "max": 0.9289795756340027
          }
        },
        "500": {
          "mse": {
            "mean": 0.010315048013610066,
            "median": 0.009446871466934681,
            "std": 0.005349104825970572,
            "min": 0.000754195440094918,
            "max": 0.04264348745346069
          },
          "psnr": {
            "mean": 20.46991601705551,
            "median": 20.24712085723877,
            "std": 2.392056296855279,
            "min": 13.701473236083984,
            "max": 31.225162506103516
          },
          "ssim": {
            "mean": 0.6885952874273061,
            "median": 0.6863504648208618,
            "std": 0.07075321026132557,