{
  "checkpoint": "/home/omarg/SIREN_Vista/model_mnist/softlip_first95_rest80_lam1e+00_sine_and_readout/modSiren.pth",
  "variant": "soft_lipschitz",
  "variant_args": {
    "soft_lip_cap": 1.0,
    "soft_lip_lambda": 1.0,
    "soft_lip_apply_to": "sine_and_readout",
    "soft_lip_power_iters": 1,
    "soft_lip_skip_first": false
  },
  "model_args": {
    "hidden_dim": 256,
    "mod_dim": 512,
    "depth": 10,
    "dataset": "mnist"
  },
  "inner_lr": 0.01,
  "lbfgs": false,
  "batch_size": 128,
  "iter_checkpoints": [
    5,
    20,
    50,
    100,
    200
  ],
  "max_samples": 2000,
  "split": "both",
  "results": {
    "train": {
      "n_samples": 2000,
      "at_iters": {
        "5": {
          "mse": {
            "mean": 0.011924529032898135,
            "median": 0.010942995548248291,
            "std": 0.006239773735196611,
            "min": 0.0014203585451468825,
            "max": 0.03849196806550026
          },
          "psnr": {
            "mean": 19.893207646846772,
            "median": 19.608637809753418,
            "std": 2.5475407153653733,
            "min": 14.146299362182617,
            "max": 28.47602081298828
          },
          "ssim": {
            "mean": 0.7590656241029501,
            "median": 0.7688987851142883,
            "std": 0.08841647188076898,
            "min": 0.4129007160663605,
            "max": 0.9390844702720642
          }
        },
        "20": {
          "mse": {
            "mean": 0.00725706313221599,
            "median": 0.006344689521938562,
            "std": 0.004361418824432045,
            "min": 0.0007583092665299773,
            "max": 0.03417350351810455
          },
          "psnr": {
            "mean": 22.20835356092453,
            "median": 21.975897789001465,
            "std": 2.805760682935749,
            "min": 14.663105010986328,
            "max": 31.201536178588867
          },
          "ssim": {
            "mean": 0.8082986109107733,
            "median": 0.8181104063987732,
            "std": 0.07693049621483412,
            "min": 0.4264233708381653,
            "max": 0.958383321762085
          }
        },
        "50": {
          "mse": {
            "mean": 0.0042607947075448465,
            "median": 0.0035818293690681458,
            "std": 0.0027416301794210484,
            "min": 0.0005074706859886646,
            "max": 0.02134069614112377
          },
          "psnr": {
            "mean": 24.57645057296753,
            "median": 24.45895290374756,
            "std": 2.853488261507057,
            "min": 16.707914352416992,
            "max": 32.945892333984375
          },
          "ssim": {
            "mean": 0.8423333608806133,
            "median": 0.8516631424427032,
            "std": 0.06764838929470109,
            "min": 0.48534613847732544,
            "max": 0.9669370055198669
          }
        },
        "100": {
          "mse": {
            "mean": 0.002705254188811523,
            "median": 0.0022260253317654133,
            "std": 0.0018048177738150518,
            "min": 0.00034792686346918344,
            "max": 0.013446741737425327
          },
          "psnr": {
            "mean": 26.578036031723023,
            "median": 26.524699211120605,
            "std": 2.8736018639254253,
            "min": 18.713830947875977,
            "max": 34.585121154785156
          },
          "ssim": {
            "mean": 0.8643484983444214,
            "median": 0.8739974200725555,
            "std": 0.060891852656709856,
            "min": 0.5450423955917358,
            "max": 0.9722732901573181
          }
        },
        "200": {
          "mse": {
            "mean": 0.0017417342030530563,
            "median": 0.0013779560686089098,
            "std": 0.0012299570763380473,
            "min": 0.00022604096739087254,
            "max": 0.009913583286106586
          },
          "psnr": {
            "mean": 28.541321080207826,
            "median": 28.60764789581299,
            "std": 2.9213095673628633,
            "min": 20.037691116333008,
            "max": 36.4581298828125
          },
          "ssim": {
            "mean": 0.8845987425744534,
            "median": 0.893837183713913,
            "std": 0.0532247968114436,
            "min": 0.5870590209960938,
            "max": 0.9781076908111572
          }
        }
      }
    },
    "test": {
      "n_samples": 2000,
      "at_iters": {
        "5": {
          "mse": {
            "mean": 0.012111861977726221,
            "median": 0.011260217987000942,
            "std": 0.006326209158298956,
            "min": 0.0016667942982167006,
            "max": 0.04348381608724594
          },
          "psnr": {
            "mean": 19.82758304643631,
            "median": 19.484532356262207,
            "std": 2.5541082996725804,
            "min": 13.616724014282227,
            "max": 27.781179428100586
          },
          "ssim": {
            "mean": 0.7464584407657385,
            "median": 0.7533819675445557,
            "std": 0.09008244314715859,
            "min": 0.29718217253685,
            "max": 0.9450228810310364
          }
        },
        "20": {
          "mse": {
            "mean": 0.007212736368732294,
            "median": 0.006300966953858733,
            "std": 0.004321705559877491,
            "min": 0.0008265880751423538,
            "max": 0.02752404287457466
          },
          "psnr": {
            "mean": 22.25742237281799,
            "median": 22.00592803955078,
            "std": 2.8642054055849235,
            "min": 15.602876663208008,
            "max": 30.827110290527344
          },
          "ssim": {
            "mean": 0.8017858198434115,
            "median": 0.8094019293785095,
            "std": 0.07887817643365645,
            "min": 0.406328022480011,
            "max": 0.9578904509544373
          }
        },
        "50": {
          "mse": {
            "mean": 0.004196514368813951,
            "median": 0.003559901495464146,
            "std": 0.002757742793305279,
            "min": 0.0005040792166255414,
            "max": 0.02040383778512478
          },
          "psnr": {
            "mean": 24.68414192676544,
            "median": 24.485620498657227,
            "std": 2.930016352853636,
            "min": 16.902881622314453,
            "max": 32.975013732910156
          },
          "ssim": {
            "mean": 0.8383306758701802,
            "median": 0.8474211096763611,
            "std": 0.06966584352965079,
            "min": 0.5077813267707825,
            "max": 0.9686696529388428
          }
        },
        "100": {
          "mse": {
            "mean": 0.0025883335393300515,
            "median": 0.002185417339205742,
            "std": 0.0017472082485312673,
            "min": 0.00033755676122382283,
            "max": 0.016058022156357765
          },
          "psnr": {
            "mean": 26.779356483459473,
            "median": 26.604655265808105,
            "std": 2.892742770554199,
            "min": 17.94308090209961,
            "max": 34.71653366088867
          },
          "ssim": {
            "mean": 0.8624312754571438,
            "median": 0.8719784319400787,
            "std": 0.06143040539513232,
            "min": 0.55267333984375,
            "max": 0.9748387932777405
          }
        },
        "200": {
          "mse": {
            "mean": 0.0016125828708609333,
            "median": 0.0013389100204221904,
            "std": 0.0011322516220381126,
            "min": 0.0002109426714014262,
            "max": 0.010174508206546307
          },
          "psnr": {
            "mean": 28.842543652534484,
            "median": 28.732487678527832,
            "std": 2.872131310632429,
            "min": 19.924867630004883,
            "max": 36.758358001708984
          },
          "ssim": {
            "mean": 0.8843640753626824,
            "median": 0.8923587501049042,
            "std": 0.05247145851552867,
            "min": 0.604107677936554,