{
  "checkpoint": "/home/omarg/SIREN_Vista/model_mnist/softlip_hardcap90_modul125_lam1e+00_all/modSiren.pth",
  "variant": "soft_lipschitz",
  "variant_args": {
    "soft_lip_cap": 1.0,
    "soft_lip_lambda": 1.0,
    "soft_lip_apply_to": "all",
    "soft_lip_power_iters": 1,
    "soft_lip_skip_first": false
  },
  "model_args": {
    "hidden_dim": 256,
    "mod_dim": 512,
    "depth": 10,
    "dataset": "mnist"
  },
  "inner_lr": 0.01,
  "lbfgs": false,
  "batch_size": 128,
  "iter_checkpoints": [
    5,
    20,
    50,
    100,
    200
  ],
  "max_samples": 2000,
  "split": "both",
  "results": {
    "train": {
      "n_samples": 2000,
      "at_iters": {
        "5": {
          "mse": {
            "mean": 0.013201414975919762,
            "median": 0.01227237842977047,
            "std": 0.0065370501794648145,
            "min": 0.001996309030801058,
            "max": 0.04211049899458885
          },
          "psnr": {
            "mean": 19.36371224975586,
            "median": 19.110713005065918,
            "std": 2.3411809336431086,
            "min": 13.756095886230469,
            "max": 26.997722625732422
          },
          "ssim": {
            "mean": 0.6040632293820382,
            "median": 0.6102239787578583,
            "std": 0.05721693082568211,
            "min": 0.35361447930336,
            "max": 0.7625859975814819
          }
        },
        "20": {
          "mse": {
            "mean": 0.007611084988078801,
            "median": 0.006912665441632271,
            "std": 0.004328976697773849,
            "min": 0.0008158886339515448,
            "max": 0.03254237771034241
          },
          "psnr": {
            "mean": 21.93422152662277,
            "median": 21.603546142578125,
            "std": 2.7058060578703427,
            "min": 14.875507354736328,
            "max": 30.883691787719727
          },
          "ssim": {
            "mean": 0.6484636964648962,
            "median": 0.6493334472179413,
            "std": 0.04353448576964586,
            "min": 0.42677372694015503,
            "max": 0.7883733510971069
          }
        },
        "50": {
          "mse": {
            "mean": 0.004472447384439874,
            "median": 0.003921945812180638,
            "std": 0.0027098232842577706,
            "min": 0.0005562390433624387,
            "max": 0.0213304553180933
          },
          "psnr": {
            "mean": 24.281273718833923,
            "median": 24.064983367919922,
            "std": 2.7245880481648266,
            "min": 16.709999084472656,
            "max": 32.547386169433594
          },
          "ssim": {
            "mean": 0.676590317428112,
            "median": 0.6752378940582275,
            "std": 0.04005327493276815,
            "min": 0.4675650894641876,
            "max": 0.8094213604927063
          }
        },
        "100": {
          "mse": {
            "mean": 0.0028882981011411177,
            "median": 0.002500775153748691,
            "std": 0.001818607250046866,
            "min": 0.00036824942799285054,
            "max": 0.013682329095900059
          },
          "psnr": {
            "mean": 26.190302541732787,
            "median": 26.01925754547119,
            "std": 2.701192443879256,
            "min": 18.63840103149414,
            "max": 34.33858108520508
          },
          "ssim": {
            "mean": 0.6971530684679746,
            "median": 0.6949394643306732,
            "std": 0.039114538181732376,
            "min": 0.49883219599723816,
            "max": 0.8238874077796936
          }
        },
        "200": {
          "mse": {
            "mean": 0.0019167841599264648,
            "median": 0.001598294940777123,
            "std": 0.0012879672409410435,
            "min": 0.0002609405783005059,
            "max": 0.0107169384136796
          },
          "psnr": {
            "mean": 28.000452911376954,
            "median": 27.963433265686035,
            "std": 2.6952513666126636,
            "min": 19.699291229248047,
            "max": 35.8345832824707
          },
          "ssim": {
            "mean": 0.7211086165606976,
            "median": 0.7194119393825531,
            "std": 0.038238383358781894,
            "min": 0.559015691280365,
            "max": 0.8450340628623962
          }
        }
      }
    },
    "test": {
      "n_samples": 2000,
      "at_iters": {
        "5": {
          "mse": {
            "mean": 0.01336879594536731,
            "median": 0.012233699671924114,
            "std": 0.006811911844027698,
            "min": 0.0017381265060976148,
            "max": 0.06025077775120735
          },
          "psnr": {
            "mean": 19.323902258872987,
            "median": 19.124423027038574,
            "std": 2.361096114142253,
            "min": 12.200373649597168,
            "max": 27.599185943603516
          },
          "ssim": {
            "mean": 0.5965062804669142,
            "median": 0.6042746007442474,
            "std": 0.05954013215967585,
            "min": 0.29908323287963867,
            "max": 0.7544924020767212
          }
        },
        "20": {
          "mse": {
            "mean": 0.007522986253432464,
            "median": 0.006615831516683102,
            "std": 0.004409295741039514,
            "min": 0.0008108398760668933,
            "max": 0.0311677698045969
          },
          "psnr": {
            "mean": 22.037037121772766,
            "median": 21.794156074523926,
            "std": 2.8079715102715674,
            "min": 15.062942504882812,
            "max": 30.910648345947266
          },
          "ssim": {
            "mean": 0.6448974022120237,
            "median": 0.6491751372814178,
            "std": 0.04394505672982192,
            "min": 0.4240822196006775,
            "max": 0.7875252366065979
          }
        },
        "50": {
          "mse": {
            "mean": 0.004333597920747707,
            "median": 0.003774504642933607,
            "std": 0.0026662134566844413,
            "min": 0.000532028148882091,
            "max": 0.02114557847380638
          },
          "psnr": {
            "mean": 24.45047309398651,
            "median": 24.231401443481445,
            "std": 2.7874753874804865,
            "min": 16.747804641723633,
            "max": 32.74065399169922
          },
          "ssim": {
            "mean": 0.6739394588619471,
            "median": 0.675416111946106,
            "std": 0.04027024415550216,
            "min": 0.4939955770969391,
            "max": 0.8077464699745178
          }
        },
        "100": {
          "mse": {
            "mean": 0.0027389284983219114,
            "median": 0.002328894683159888,
            "std": 0.0017170726643548247,
            "min": 0.0003948206140194088,
            "max": 0.015507598407566547
          },
          "psnr": {
            "mean": 26.431517163276673,
            "median": 26.32850170135498,
            "std": 2.7288583702887115,
            "min": 18.094554901123047,
            "max": 34.03600311279297
          },
          "ssim": {
            "mean": 0.6949265913665295,
            "median": 0.6949878633022308,
            "std": 0.03910617126147315,
            "min": 0.5150670409202576,
            "max": 0.8262327909469604
          }
        },
        "200": {
          "mse": {
            "mean": 0.001782492698956048,
            "median": 0.0014821462682448328,
            "std": 0.0011628433619021925,
            "min": 0.00029868780984543264,
            "max": 0.012048258446156979
          },
          "psnr": {
            "mean": 28.298642526626587,
            "median": 28.29109477996826,
            "std": 2.68153374006761,
            "min": 19.190757751464844,
            "max": 35.247825622558594
          },
          "ssim": {
            "mean": 0.7190696575641632,
            "median": 0.7192422151565552,
            "std": 0.03824996429625097,
            "min": 0.546108067035675,