{
  "checkpoint": "/home/omarg/Parameter-Space-Attack-Suite/model_mnist/modSiren.pth",
  "variant": "vanilla",
  "variant_args": {},
  "model_args": {
    "hidden_dim": 256,
    "mod_dim": 512,
    "depth": 10,
    "dataset": "mnist"
  },
  "inner_lr": 0.01,
  "lbfgs": false,
  "batch_size": 128,
  "iter_checkpoints": [
    5,
    20,
    50,
    100,
    200
  ],
  "max_samples": 2000,
  "split": "both",
  "results": {
    "train": {
      "n_samples": 2000,
      "at_iters": {
        "5": {
          "mse": {
            "mean": 0.011160727778449654,
            "median": 0.009664332494139671,
            "std": 0.006495888856363925,
            "min": 0.0015220548957586288,
            "max": 0.049578957259655
          },
          "psnr": {
            "mean": 20.291849685668947,
            "median": 20.148283004760742,
            "std": 2.7165766614350755,
            "min": 13.047026634216309,
            "max": 28.175697326660156
          },
          "ssim": {
            "mean": 0.715838377609849,
            "median": 0.7298848032951355,
            "std": 0.08307539507357735,
            "min": 0.44792696833610535,
            "max": 0.9053093791007996
          }
        },
        "20": {
          "mse": {
            "mean": 0.005615632719578571,
            "median": 0.004611339885741472,
            "std": 0.004172043245567605,
            "min": 0.00037258071824908257,
            "max": 0.02696860209107399
          },
          "psnr": {
            "mean": 23.799453874588014,
            "median": 23.361730575561523,
            "std": 3.6301756213080516,
            "min": 15.691415786743164,
            "max": 34.28779602050781
          },
          "ssim": {
            "mean": 0.7648367123007774,
            "median": 0.7754384577274323,
            "std": 0.081185301254875,
            "min": 0.5015770196914673,
            "max": 0.9551404118537903
          }
        },
        "50": {
          "mse": {
            "mean": 0.004150269571582612,
            "median": 0.0032510177697986364,
            "std": 0.003385778335661345,
            "min": 0.0002158309071091935,
            "max": 0.022509774193167686
          },
          "psnr": {
            "mean": 25.374439021110536,
            "median": 24.879807472229004,
            "std": 3.9980251296452556,
            "min": 16.476289749145508,
            "max": 36.65886306762695
          },
          "ssim": {
            "mean": 0.7917081420719624,
            "median": 0.8025005757808685,
            "std": 0.07868810091902459,
            "min": 0.5137767195701599,
            "max": 0.9635218977928162
          }
        },
        "100": {
          "mse": {
            "mean": 0.003449706337763928,
            "median": 0.0026464968686923385,
            "std": 0.0029836389296206,
            "min": 0.00017596545512787998,
            "max": 0.019487829878926277
          },
          "psnr": {
            "mean": 26.374588048934935,
            "median": 25.773286819458008,
            "std": 4.239022894962001,
            "min": 17.102365493774414,
            "max": 37.54572677612305
          },
          "ssim": {
            "mean": 0.8107066669166089,
            "median": 0.8217579424381256,
            "std": 0.07750140767908567,
            "min": 0.504076361656189,
            "max": 0.9660892486572266
          }
        },
        "200": {
          "mse": {
            "mean": 0.002950372922678071,
            "median": 0.002227126620709896,
            "std": 0.002661917480121038,
            "min": 0.00015209705452434719,
            "max": 0.01735449954867363
          },
          "psnr": {
            "mean": 27.248278690338136,
            "median": 26.522563934326172,
            "std": 4.46851487694364,
            "min": 17.605880737304688,
            "max": 38.17879104614258
          },
          "ssim": {
            "mean": 0.8265573564767837,
            "median": 0.8401736617088318,
            "std": 0.07744351019969543,
            "min": 0.5030920505523682,
            "max": 0.9649609923362732
          }
        }
      }
    },
    "test": {
      "n_samples": 2000,
      "at_iters": {
        "5": {
          "mse": {
            "mean": 0.010341001938679255,
            "median": 0.008823470678180456,
            "std": 0.00629706594637728,
            "min": 0.00126230891328305,
            "max": 0.040876708924770355
          },
          "psnr": {
            "mean": 20.70128619003296,
            "median": 20.543606758117676,
            "std": 2.861814048733134,
            "min": 13.88524055480957,
            "max": 28.988344192504883
          },
          "ssim": {
            "mean": 0.7198841350078583,
            "median": 0.7367010414600372,
            "std": 0.08668878797546002,
            "min": 0.38132742047309875,
            "max": 0.8972774744033813
          }
        },
        "20": {
          "mse": {
            "mean": 0.004911690557462862,
            "median": 0.0037972372956573963,
            "std": 0.003996296672886827,
            "min": 0.0003708981676027179,
            "max": 0.027924474328756332
          },
          "psnr": {
            "mean": 24.58391283082962,
            "median": 24.205323219299316,
            "std": 3.867254518050699,
            "min": 15.54015064239502,
            "max": 34.30745315551758
          },
          "ssim": {
            "mean": 0.771871250718832,
            "median": 0.7866048514842987,
            "std": 0.08439261646656648,
            "min": 0.416584849357605,
            "max": 0.9420338869094849
          }
        },
        "50": {
          "mse": {
            "mean": 0.003557241816903115,
            "median": 0.002644095802679658,
            "std": 0.003210224312498882,
            "min": 0.0002354438474867493,
            "max": 0.024547331035137177
          },
          "psnr": {
            "mean": 26.306892762184145,
            "median": 25.77723979949951,
            "std": 4.268010109983349,
            "min": 16.099956512451172,
            "max": 36.2811279296875
          },
          "ssim": {
            "mean": 0.8008232626765966,
            "median": 0.8157367706298828,
            "std": 0.08117367460849267,
            "min": 0.44893255829811096,
            "max": 0.9549242854118347
          }
        },
        "100": {
          "mse": {
            "mean": 0.0029364335039208525,
            "median": 0.0020934779895469546,
            "std": 0.002822509311511413,
            "min": 0.00018623036157805473,
            "max": 0.022942673414945602
          },
          "psnr": {
            "mean": 27.35193400001526,
            "median": 26.791316032409668,
            "std": 4.485407848482356,
            "min": 16.3935604095459,
            "max": 37.299495697021484
          },
          "ssim": {
            "mean": 0.8208050849586725,
            "median": 0.8380070924758911,
            "std": 0.07960542338591804,
            "min": 0.4688098430633545,
            "max": 0.9611343145370483
          }
        },
        "200": {
          "mse": {
            "mean": 0.002514288237922301,
            "median": 0.0016884412616491318,
            "std": 0.0025392436432899483,
            "min": 0.00015841014101170003,
            "max": 0.02012583240866661
          },
          "psnr": {
            "mean": 28.23522150707245,
            "median": 27.725143432617188,
            "std": 4.689381282261578,
            "min": 16.96246337890625,
            "max": 38.00217056274414
          },
          "ssim": {
            "mean": 0.8366586876958608,
            "median": 0.8562723100185394,
            "std": 0.07955302203182552,
            "min": 0.47377994656562805,
            "max": 0.9650542140007019
          }
        }
      }
    }
  }
}