{
  "checkpoint": "/home/omarg/SIREN_Vista/model_mnist/softlip_L0.5_lam1e+00_all_skip0/modSiren.pth",
  "variant": "soft_lipschitz",
  "variant_args": {
    "soft_lip_cap": 0.5,
    "soft_lip_lambda": 1.0,
    "soft_lip_apply_to": "all",
    "soft_lip_power_iters": 1,
    "soft_lip_skip_first": true
  },
  "model_args": {
    "hidden_dim": 256,
    "mod_dim": 512,
    "depth": 10,
    "dataset": "mnist"
  },
  "inner_lr": 0.01,
  "lbfgs": false,
  "batch_size": 128,
  "iter_checkpoints": [
    5,
    20,
    50,
    100,
    200
  ],
  "max_samples": 2000,
  "split": "both",
  "results": {
    "train": {
      "n_samples": 2000,
      "at_iters": {
        "5": {
          "mse": {
            "mean": 0.017382392466999592,
            "median": 0.016107053495943546,
            "std": 0.008725573309238413,
            "min": 0.0023124106228351593,
            "max": 0.05199895799160004
          },
          "psnr": {
            "mean": 18.234270790576936,
            "median": 17.92983913421631,
            "std": 2.528242712628277,
            "min": 12.84005355834961,
            "max": 26.359350204467773
          },
          "ssim": {
            "mean": 0.6405329944342375,
            "median": 0.6513561904430389,
            "std": 0.0906583169802575,
            "min": 0.3480456471443176,
            "max": 0.8451456427574158
          }
        },
        "20": {
          "mse": {
            "mean": 0.009194701956934295,
            "median": 0.007947226986289024,
            "std": 0.005719322372492145,
            "min": 0.0008118967525660992,
            "max": 0.034542106091976166
          },
          "psnr": {
            "mean": 21.264352271556856,
            "median": 20.997844696044922,
            "std": 2.9739463692769386,
            "min": 14.616512298583984,
            "max": 30.90499496459961
          },
          "ssim": {
            "mean": 0.7032688979953527,
            "median": 0.7170804738998413,
            "std": 0.09471371123450308,
            "min": 0.37911948561668396,
            "max": 0.8925599455833435
          }
        },
        "50": {
          "mse": {
            "mean": 0.0069710023298248415,
            "median": 0.005831900518387556,
            "std": 0.004798328143562155,
            "min": 0.00048298152978532016,
            "max": 0.028878873214125633
          },
          "psnr": {
            "mean": 22.676518567085267,
            "median": 22.341907501220703,
            "std": 3.330751835191048,
            "min": 15.394197463989258,
            "max": 33.16069793701172
          },
          "ssim": {
            "mean": 0.7181766128242015,
            "median": 0.7317903637886047,
            "std": 0.09615882004483327,
            "min": 0.4038931727409363,
            "max": 0.9064705967903137
          }
        },
        "100": {
          "mse": {
            "mean": 0.005759526269263006,
            "median": 0.004732978064566851,
            "std": 0.004209249837974286,
            "min": 0.0003423693124204874,
            "max": 0.02540617436170578
          },
          "psnr": {
            "mean": 23.658357266902925,
            "median": 23.248656272888184,
            "std": 3.5722229281347206,
            "min": 15.950608253479004,
            "max": 34.655052185058594
          },
          "ssim": {
            "mean": 0.7281040351241826,
            "median": 0.7396660447120667,
            "std": 0.09576538838524239,
            "min": 0.430665522813797,
            "max": 0.9103462100028992
          }
        },
        "200": {
          "mse": {
            "mean": 0.004779688163718675,
            "median": 0.003858628566376865,
            "std": 0.003698905927392429,
            "min": 0.00026461994275450706,
            "max": 0.022618042305111885
          },
          "psnr": {
            "mean": 24.619983623504638,
            "median": 24.135671615600586,
            "std": 3.7907214319567917,
            "min": 16.4554500579834,
            "max": 35.77377700805664
          },
          "ssim": {
            "mean": 0.7386357443779707,
            "median": 0.7473787665367126,
            "std": 0.09321998772980639,
            "min": 0.4499978721141815,
            "max": 0.9129348993301392
          }
        }
      }
    },
    "test": {
      "n_samples": 2000,
      "at_iters": {
        "5": {
          "mse": {
            "mean": 0.016431484625092706,
            "median": 0.015155097469687462,
            "std": 0.00854636215433745,
            "min": 0.002185074146836996,
            "max": 0.05002042278647423
          },
          "psnr": {
            "mean": 18.533688559532166,
            "median": 18.19441318511963,
            "std": 2.6571735299406107,
            "min": 13.008526802062988,
            "max": 26.60533905029297
          },
          "ssim": {
            "mean": 0.6399236802011729,
            "median": 0.6544981002807617,
            "std": 0.09210304063675125,
            "min": 0.30679890513420105,
            "max": 0.8316246271133423
          }
        },
        "20": {
          "mse": {
            "mean": 0.008423100006126333,
            "median": 0.007200770312920213,
            "std": 0.00547735108714945,
            "min": 0.0008624177426099777,
            "max": 0.0342852808535099
          },
          "psnr": {
            "mean": 21.73188278055191,
            "median": 21.426212310791016,
            "std": 3.1236087301068354,
            "min": 14.648923873901367,
            "max": 30.642824172973633
          },
          "ssim": {
            "mean": 0.7072436220794917,
            "median": 0.7282296121120453,
            "std": 0.09766263305551105,
            "min": 0.35139134526252747,
            "max": 0.8935180902481079
          }
        },
        "50": {
          "mse": {
            "mean": 0.006214765359152807,
            "median": 0.005079157184809446,
            "std": 0.00450614960255141,
            "min": 0.0005417853244580328,
            "max": 0.02849842794239521
          },
          "psnr": {
            "mean": 23.289598615646362,
            "median": 22.94208526611328,
            "std": 3.4977526748768524,
            "min": 15.451791763305664,
            "max": 32.66172790527344
          },
          "ssim": {
            "mean": 0.7262368849366904,
            "median": 0.7483664155006409,
            "std": 0.09808798679976044,
            "min": 0.3757338225841522,
            "max": 0.9130513668060303
          }
        },
        "100": {
          "mse": {
            "mean": 0.005023652084317291,
            "median": 0.004001315915957093,
            "std": 0.0038890824806993673,
            "min": 0.000368146545952186,
            "max": 0.02526339702308178
          },
          "psnr": {
            "mean": 24.38124015569687,
            "median": 23.97797393798828,
            "std": 3.7367134806447355,
            "min": 15.975083351135254,
            "max": 34.33979415893555
          },
          "ssim": {
            "mean": 0.7388153269737959,
            "median": 0.7585887014865875,
            "std": 0.09673586088063035,
            "min": 0.3993392288684845,
            "max": 0.9166258573532104
          }
        },
        "200": {
          "mse": {
            "mean": 0.004080425124207978,
            "median": 0.003110793768428266,
            "std": 0.0033458420548962238,
            "min": 0.00027939790743403137,
            "max": 0.021720783784985542
          },
          "psnr": {
            "mean": 25.440270874023437,
            "median": 25.071288108825684,
            "std": 3.9378503235213387,
            "min": 16.631244659423828,
            "max": 35.53776931762695
          },
          "ssim": {
            "mean": 0.7510722156763077,
            "median": 0.7672033309936523,
            "std": 0.09310792138408074,
            "min": 0.4247169494628906,