{
  "checkpoint": "/home/omarg/SIREN_Vista/model_cifar10/vanilla_cifar10/modSiren.pth",
  "variant": "vanilla",
  "variant_args": {},
  "model_args": {
    "hidden_dim": 256,
    "mod_dim": 512,
    "depth": 10,
    "height": 32,
    "width": 32,
    "out_features": 3,
    "dataset": "cifar10"
  },
  "inner_lr": 0.01,
  "lbfgs": false,
  "batch_size": 64,
  "iter_checkpoints": [
    5,
    20,
    50,
    100,
    200
  ],
  "max_samples": 2000,
  "split": "both",
  "results": {
    "train": {
      "n_samples": 2000,
      "at_iters": {
        "5": {
          "mse": {
            "mean": 0.05054752045002533,
            "median": 0.045601895079016685,
            "std": 0.026845054598127884,
            "min": 0.0014961917186155915,
            "max": 0.23405617475509644
          },
          "psnr": {
            "mean": 13.55921818916003,
            "median": 13.410171508789062,
            "std": 2.3494014066834166,
            "min": 6.306798934936523,
            "max": 28.25012969970703
          },
          "ssim": {
            "mean": 0.36882394425570963,
            "median": 0.3710379898548126,
            "std": 0.10911465635834457,
            "min": 0.04136734828352928,
            "max": 0.7675639986991882
          }
        },
        "20": {
          "mse": {
            "mean": 0.03289806936075911,
            "median": 0.028823872096836567,
            "std": 0.019514773320076576,
            "min": 0.0016822840552777052,
            "max": 0.2875799536705017
          },
          "psnr": {
            "mean": 15.459074654022853,
            "median": 15.402476787567139,
            "std": 2.357807557918854,
            "min": 5.412414073944092,
            "max": 27.741008758544922
          },
          "ssim": {
            "mean": 0.4669933129921556,
            "median": 0.46781301498413086,
            "std": 0.09806935055210252,
            "min": 0.06766510754823685,
            "max": 0.8271012306213379
          }
        },
        "50": {
          "mse": {
            "mean": 0.022705287227989174,
            "median": 0.020296011120080948,
            "std": 0.012063348199868899,
            "min": 0.0016322575975209475,
            "max": 0.10832801461219788
          },
          "psnr": {
            "mean": 16.993811685562132,
            "median": 16.925893783569336,
            "std": 2.2244404380240272,
            "min": 9.652591705322266,
            "max": 27.872114181518555
          },
          "ssim": {
            "mean": 0.5409741337299347,
            "median": 0.5416169762611389,
            "std": 0.08897477293799182,
            "min": 0.1262022852897644,
            "max": 0.8390550017356873
          }
        },
        "100": {
          "mse": {
            "mean": 0.018590226013291005,
            "median": 0.01629842258989811,
            "std": 0.01122654269508997,
            "min": 0.0014347058022394776,
            "max": 0.11863154172897339
          },
          "psnr": {
            "mean": 17.93494477637609,
            "median": 17.878543853759766,
            "std": 2.3245981392675383,
            "min": 9.2579984664917,
            "max": 28.432371139526367
          },
          "ssim": {
            "mean": 0.5909822749122977,
            "median": 0.5951845943927765,
            "std": 0.08526861201638114,
            "min": 0.15121851861476898,
            "max": 0.8546569347381592
          }
        },
        "200": {
          "mse": {
            "mean": 0.015202825840368556,
            "median": 0.013305632397532463,
            "std": 0.00870975408762034,
            "min": 0.0012099591549485922,
            "max": 0.08426587283611298
          },
          "psnr": {
            "mean": 18.814123186111452,
            "median": 18.759645462036133,
            "std": 2.370742937837214,
            "min": 10.74348258972168,
            "max": 29.17229461669922
          },
          "ssim": {
            "mean": 0.6388851084262133,
            "median": 0.644062727689743,
            "std": 0.07940747529696522,
            "min": 0.17516720294952393,
            "max": 0.8688390254974365
          }
        }
      }
    },
    "test": {
      "n_samples": 2000,
      "at_iters": {
        "5": {
          "mse": {
            "mean": 0.050090054391301236,
            "median": 0.0452421959489584,
            "std": 0.02818269188520811,
            "min": 0.0014415623154491186,
            "max": 0.32380861043930054
          },
          "psnr": {
            "mean": 13.63687337978681,
            "median": 13.444563388824463,
            "std": 2.4224274618946686,
            "min": 4.897115707397461,
            "max": 28.411666870117188
          },
          "ssim": {
            "mean": 0.37355897764023394,
            "median": 0.3794540464878082,
            "std": 0.10875985920999935,
            "min": 0.01951141096651554,
            "max": 0.8008450269699097
          }
        },
        "20": {
          "mse": {
            "mean": 0.0320796553765734,
            "median": 0.028696471825242043,
            "std": 0.01730269642314922,
            "min": 0.001400649780407548,
            "max": 0.18497943878173828
          },
          "psnr": {
            "mean": 15.536268449147542,
            "median": 15.421716213226318,
            "std": 2.3475897225628053,
            "min": 7.328765392303467,
            "max": 28.53670310974121
          },
          "ssim": {
            "mean": 0.47313420750945806,
            "median": 0.471564918756485,
            "std": 0.09406512943899671,
            "min": 0.16731302440166473,
            "max": 0.8266515731811523
          }
        },
        "50": {
          "mse": {
            "mean": 0.022997257533366792,
            "median": 0.020400453358888626,
            "std": 0.012705804905830858,
            "min": 0.0013667622115463018,
            "max": 0.13420119881629944
          },
          "psnr": {
            "mean": 16.983758085727693,
            "median": 16.903603553771973,
            "std": 2.323363793795538,
            "min": 8.72243595123291,
            "max": 28.6430721282959
          },
          "ssim": {
            "mean": 0.5431216460093856,
            "median": 0.5437097251415253,
            "std": 0.08825038366360946,
            "min": 0.17333972454071045,
            "max": 0.8588413596153259
          }
        },
        "100": {
          "mse": {
            "mean": 0.018625453720994604,
            "median": 0.01630233507603407,
            "std": 0.011001797232127781,
            "min": 0.001304898178204894,
            "max": 0.12117313593626022
          },
          "psnr": {
            "mean": 17.942685879866282,
            "median": 17.87750244140625,
            "std": 2.386010481083982,
            "min": 9.165936470031738,
            "max": 28.844234466552734
          },
          "ssim": {
            "mean": 0.5924555919319391,
            "median": 0.5947328507900238,
            "std": 0.08607428006806997,
            "min": 0.1847091168165207,
            "max": 0.8910993337631226
          }
        },
        "200": {
          "mse": {
            "mean": 0.015452226236676022,
            "median": 0.01329719927161932,
            "std": 0.009657840250175768,
            "min": 0.0012064352631568909,
            "max": 0.1802581250667572
          },
          "psnr": {
            "mean": 18.8167764099439,
            "median": 18.76239776611328,
            "std": 2.5006361855407846,
            "min": 7.441051483154297,
            "max": 29.184959411621094
          },
          "ssim": {
            "mean": 0.6391831494569779,
            "median": 0.6445024609565735,
            "std": 0.0825128915894217,
            "min": 0.19897232949733734,
            "max": 0.9146997928619385
          }
        }
      }
    }
  }
}