{
  "checkpoint": "/home/omarg/SIREN_Vista/model_mnist/softlip_L1_lam1e+00_sine_and_readout/modSiren.pth",
  "variant": "soft_lipschitz",
  "variant_args": {
    "soft_lip_cap": 1.0,
    "soft_lip_lambda": 1.0,
    "soft_lip_apply_to": "sine_and_readout",
    "soft_lip_power_iters": 1,
    "soft_lip_skip_first": false
  },
  "model_args": {
    "hidden_dim": 256,
    "mod_dim": 512,
    "depth": 10,
    "dataset": "mnist"
  },
  "inner_lr": 0.01,
  "lbfgs": false,
  "batch_size": 128,
  "iter_checkpoints": [
    5,
    20,
    50,
    100,
    200
  ],
  "max_samples": 2000,
  "split": "both",
  "results": {
    "train": {
      "n_samples": 2000,
      "at_iters": {
        "5": {
          "mse": {
            "mean": 0.012368486593069975,
            "median": 0.011592103634029627,
            "std": 0.006506041599359754,
            "min": 0.0013418252347037196,
            "max": 0.045546647161245346
          },
          "psnr": {
            "mean": 19.75565375852585,
            "median": 19.358378410339355,
            "std": 2.6014558083202597,
            "min": 13.415436744689941,
            "max": 28.723041534423828
          },
          "ssim": {
            "mean": 0.7854761205911637,
            "median": 0.7933083176612854,
            "std": 0.06713197968895815,
            "min": 0.4941744804382324,
            "max": 0.921249270439148
          }
        },
        "20": {
          "mse": {
            "mean": 0.006868923586473102,
            "median": 0.006106189684942365,
            "std": 0.0040969176567889854,
            "min": 0.0007097513298504055,
            "max": 0.0280765313655138
          },
          "psnr": {
            "mean": 22.451912278175353,
            "median": 22.14229965209961,
            "std": 2.8316247704635797,
            "min": 15.516565322875977,
            "max": 31.488937377929688
          },
          "ssim": {
            "mean": 0.8372277432382107,
            "median": 0.844942718744278,
            "std": 0.05456655040244246,
            "min": 0.545616626739502,
            "max": 0.939871072769165
          }
        },
        "50": {
          "mse": {
            "mean": 0.0038165062108746497,
            "median": 0.0033170449314638972,
            "std": 0.002358197617354631,
            "min": 0.0004385905049275607,
            "max": 0.01621188595890999
          },
          "psnr": {
            "mean": 25.008925630569458,
            "median": 24.792487144470215,
            "std": 2.7985597351524354,
            "min": 17.90166473388672,
            "max": 33.579410552978516
          },
          "ssim": {
            "mean": 0.8672975047528744,
            "median": 0.8742550909519196,
            "std": 0.0449381095886788,
            "min": 0.5723432898521423,
            "max": 0.9512367844581604
          }
        },
        "100": {
          "mse": {
            "mean": 0.002360547124815639,
            "median": 0.0020062957191839814,
            "std": 0.0014873398593669737,
            "min": 0.0002929677430074662,
            "max": 0.013258644379675388
          },
          "psnr": {
            "mean": 27.089500037193297,
            "median": 26.976052284240723,
            "std": 2.7626124198129767,
            "min": 18.775009155273438,
            "max": 35.33180618286133
          },
          "ssim": {
            "mean": 0.8846913195252418,
            "median": 0.89000403881073,
            "std": 0.039024091929047364,
            "min": 0.6060019135475159,
            "max": 0.957986056804657
          }
        },
        "200": {
          "mse": {
            "mean": 0.0014959222356774261,
            "median": 0.0012439060374163091,
            "std": 0.0009963064983439813,
            "min": 0.00021177271264605224,
            "max": 0.008273905143141747
          },
          "psnr": {
            "mean": 29.093991769790648,
            "median": 29.052124977111816,
            "std": 2.758476346329741,
            "min": 20.822895050048828,
            "max": 36.741302490234375
          },
          "ssim": {
            "mean": 0.8993081312477589,
            "median": 0.9040767252445221,
            "std": 0.03358041688864311,
            "min": 0.6679065823554993,
            "max": 0.9631218314170837
          }
        }
      }
    },
    "test": {
      "n_samples": 2000,
      "at_iters": {
        "5": {
          "mse": {
            "mean": 0.012517651739937718,
            "median": 0.011683572083711624,
            "std": 0.006591656015979477,
            "min": 0.001690248609520495,
            "max": 0.04132667928934097
          },
          "psnr": {
            "mean": 19.716006548404692,
            "median": 19.32424545288086,
            "std": 2.6333452147284517,
            "min": 13.837695121765137,
            "max": 27.72049331665039
          },
          "ssim": {
            "mean": 0.7788950376063585,
            "median": 0.7876366674900055,
            "std": 0.06935474736270086,
            "min": 0.4818578064441681,
            "max": 0.9183876514434814
          }
        },
        "20": {
          "mse": {
            "mean": 0.006859240262070671,
            "median": 0.006113808136433363,
            "std": 0.004142698542186493,
            "min": 0.0008641104213893414,
            "max": 0.03206096217036247
          },
          "psnr": {
            "mean": 22.47598986530304,
            "median": 22.136882781982422,
            "std": 2.8705164199617395,
            "min": 14.940235137939453,
            "max": 30.634307861328125
          },
          "ssim": {
            "mean": 0.8342546145021915,
            "median": 0.842387855052948,
            "std": 0.055545199980936884,
            "min": 0.5022649168968201,
            "max": 0.9435722231864929
          }
        },
        "50": {
          "mse": {
            "mean": 0.003779788572952384,
            "median": 0.0032293954864144325,
            "std": 0.0024027597048411516,
            "min": 0.0005336600006558001,
            "max": 0.02242187038064003
          },
          "psnr": {
            "mean": 25.079432646751403,
            "median": 24.908793449401855,
            "std": 2.8475854020777405,
            "min": 16.493282318115234,
            "max": 32.72735595703125
          },
          "ssim": {
            "mean": 0.8659584064483643,
            "median": 0.8748761713504791,
            "std": 0.04539688011795318,
            "min": 0.6098736524581909,
            "max": 0.9545059204101562
          }
        },
        "100": {
          "mse": {
            "mean": 0.0023130314917798388,
            "median": 0.0019580775406211615,
            "std": 0.0015136471555315507,
            "min": 0.00030867705936543643,
            "max": 0.016810301691293716
          },
          "psnr": {
            "mean": 27.209761662483217,
            "median": 27.08170223236084,
            "std": 2.812092461574088,
            "min": 17.744245529174805,
            "max": 35.104957580566406
          },
          "ssim": {
            "mean": 0.884070283472538,
            "median": 0.8916831314563751,
            "std": 0.039540862017440566,
            "min": 0.6544402837753296,
            "max": 0.9629958868026733
          }
        },
        "200": {
          "mse": {
            "mean": 0.0014443929781409678,
            "median": 0.0011926601873710752,
            "std": 0.000980429272272118,
            "min": 0.00019282402354292572,
            "max": 0.009932157583534718
          },
          "psnr": {
            "mean": 29.266650648117064,
            "median": 29.234832763671875,
            "std": 2.7937838091912255,
            "min": 20.029563903808594,
            "max": 37.14839172363281
          },
          "ssim": {
            "mean": 0.8991834049522877,
            "median": 0.9053189754486084,
            "std": 0.0339525694139704,
            "min": 0.7042489051818848,