{
  "constraint": 0.06274509803921569,
  "pgd_iters": 100,
  "pgd_lr": 0.01,
  "n_samples": 200,
  "clean_correct": 195,
  "robust_correct_unconditional": 168,
  "both_correct": 168,
  "clean_acc": 0.975,
  "robust_acc": 0.84,
  "conditional_robust_acc": 0.8615384615384616
}